,,,,,,,,,,,,,,,,,,,,,,,,,,,,,,,,,,,,,,,,,,,,,,,,,,,,
,17347,,,,17520,,,,17521,,,,19325,,,,19326,,,,19327,,,,17341,,,,17342,,,,17519,,,,19278,,,,19281,,,,,,,,,,,
,,,,,,,,,,,,,,,,,,,,,,,,,,,,,,,,,,,,,,,,,,,,,,,,,,,,
,01,0,51,"2,100",01,300,51,"1,400",01,0,51,0,01,"1,400",51,0,01,0,51,500,01,0,51,0,01,0,51,0,01,0,51,"2,100",01,0,51,0,01,0,51,0,01,0,51,300,01,0,51,0,01,0,51,0
,02,"1,000",52,0,02,0,52,300,02,"1,000",52,0,02,0,52,300,02,0,52,300,02,0,52,0,02,0,52,0,02,300,52,300,02,0,52,0,02,300,52,500,02,0,52,0,02,0,52,0,02,0,52,0
,03,"2,100",53,300,03,0,53,0,03,0,53,300,03,"2,100",53,500,03,300,53,0,03,0,53,0,03,0,53,0,03,500,53,0,03,500,53,300,03,300,53,300,03,0,53,0,03,0,53,0,03,0,53,0
,04,300,54,0,04,0,54,0,04,0,54,0,04,0,54,0,04,0,54,500,04,300,54,0,04,0,54,0,04,500,54,300,04,0,54,0,04,0,54,0,04,500,54,0,04,0,54,0,04,0,54,0
,05,0,55,0,05,0,55,"2,100",05,0,55,500,05,300,55,0,05,0,55,500,05,0,55,0,05,500,55,0,05,0,55,0,05,300,55,0,05,0,55,0,05,0,55,0,05,0,55,0,05,0,55,0
,06,0,56,700,06,500,56,300,06,300,56,0,06,0,56,0,06,300,56,0,06,0,56,300,06,500,56,0,06,0,56,0,06,0,56,500,06,0,56,0,06,0,56,0,06,0,56,0,06,0,56,0
,07,0,57,0,07,300,57,300,07,0,57,0,07,0,57,0,07,0,57,500,07,500,57,500,07,0,57,300,07,0,57,300,07,300,57,"2,100",07,0,57,0,07,0,57,0,07,0,57,0,07,0,57,0
,08,0,58,0,08,0,58,300,08,700,58,300,08,300,58,500,08,0,58,500,08,0,58,0,08,0,58,300,08,0,58,0,08,0,58,300,08,500,58,300,08,0,58,500,08,0,58,0,08,0,58,0
,09,0,59,0,09,0,59,0,09,0,59,0,09,0,59,300,09,500,59,0,09,"1,000",59,0,09,0,59,0,09,0,59,"1,400",09,0,59,300,09,0,59,500,09,0,59,0,09,0,59,0,09,0,59,0
,10,0,60,0,10,500,60,0,10,0,60,0,10,500,60,0,10,0,60,300,10,500,60,500,10,0,60,0,10,300,60,300,10,700,60,500,10,300,60,0,10,300,60,0,10,0,60,0,10,0,60,0
,11,0,61,300,11,0,61,0,11,300,61,0,11,0,61,0,11,0,61,0,11,0,61,500,11,0,61,500,11,0,61,0,11,300,61,0,11,0,61,0,11,300,61,0,11,0,61,0,11,0,61,0
,12,500,62,0,12,0,62,0,12,0,62,300,12,0,62,0,12,0,62,0,12,0,62,0,12,0,62,0,12,0,62,500,12,300,62,300,12,0,62,0,12,0,62,0,12,0,62,0,12,0,62,0
,13,0,63,0,13,0,63,0,13,0,63,0,13,500,63,0,13,0,63,0,13,0,63,300,13,0,63,500,13,500,63,0,13,0,63,0,13,0,63,"2,100",13,700,63,300,13,0,63,0,13,0,63,0
,14,0,64,0,14,500,64,0,14,300,64,0,14,500,64,0,14,0,64,0,14,0,64,0,14,300,64,0,14,0,64,0,14,0,64,300,14,0,64,0,14,300,64,0,14,0,64,0,14,0,64,0
,15,0,65,0,15,500,65,0,15,300,65,0,15,500,65,0,15,500,65,300,15,0,65,300,15,300,65,500,15,500,65,0,15,300,65,0,15,0,65,0,15,0,65,500,15,0,65,0,15,0,65,0
,16,500,66,0,16,0,66,"2,100",16,500,66,300,16,300,66,0,16,0,66,0,16,0,66,0,16,0,66,0,16,300,66,0,16,500,66,0,16,0,66,0,16,500,66,0,16,0,66,0,16,0,66,0
,17,0,67,"2,100",17,0,67,"1,000",17,0,67,300,17,0,67,300,17,0,67,300,17,0,67,0,17,0,67,0,17,0,67,0,17,0,67,0,17,300,67,"1,000",17,500,67,"2,100",17,0,67,0,17,0,67,0
,18,300,68,500,18,0,68,0,18,0,68,500,18,0,68,0,18,0,68,0,18,700,68,300,18,0,68,0,18,0,68,0,18,300,68,0,18,500,68,0,18,0,68,"2,100",18,0,68,0,18,0,68,0
,19,300,69,300,19,0,69,0,19,0,69,0,19,0,69,0,19,0,69,0,19,500,69,0,19,0,69,300,19,0,69,0,19,0,69,300,19,0,69,0,19,500,69,0,19,0,69,0,19,0,69,0
,20,0,70,500,20,300,70,0,20,500,70,0,20,0,70,"1,400",20,500,70,0,20,0,70,500,20,500,70,0,20,0,70,300,20,300,70,0,20,0,70,0,20,300,70,300,20,0,70,0,20,0,70,0
,21,300,71,0,21,0,71,0,21,0,71,0,21,0,71,500,21,0,71,0,21,0,71,0,21,300,71,300,21,0,71,0,21,0,71,500,21,300,71,0,21,300,71,0,21,0,71,0,21,0,71,0
,22,0,72,0,22,0,72,0,22,0,72,0,22,300,72,0,22,300,72,300,22,300,72,0,22,0,72,0,22,300,72,0,22,0,72,"2,100",22,0,72,300,22,0,72,300,22,0,72,0,22,0,72,0
,23,500,73,500,23,500,73,0,23,"2,100",73,300,23,300,73,0,23,0,73,"1,000",23,300,73,0,23,500,73,300,23,500,73,0,23,500,73,0,23,0,73,0,23,0,73,300,23,0,73,0,23,0,73,0
,24,0,74,0,24,0,74,300,24,0,74,0,24,0,74,500,24,0,74,0,24,0,74,0,24,"2,100",74,0,24,0,74,500,24,0,74,0,24,0,74,0,24,0,74,0,24,0,74,0,24,0,74,0
,25,0,75,0,25,0,75,300,25,0,75,0,25,0,75,0,25,300,75,500,25,500,75,300,25,0,75,0,25,300,75,0,25,0,75,0,25,300,75,500,25,0,75,0,25,0,75,0,25,0,75,0
,26,300,76,0,26,0,76,0,26,300,76,300,26,0,76,0,26,300,76,0,26,500,76,300,26,"2,100",76,300,26,0,76,500,26,0,76,"3,500",26,0,76,0,26,0,76,0,26,0,76,0,26,0,76,0
,27,300,77,300,27,0,77,300,27,0,77,500,27,"1,000",77,0,27,0,77,0,27,0,77,0,27,0,77,0,27,0,77,"1,000",27,"2,100",77,0,27,0,77,500,27,0,77,300,27,0,77,0,27,0,77,0
,28,0,78,300,28,500,78,0,28,0,78,500,28,0,78,0,28,0,78,0,28,300,78,0,28,0,78,0,28,0,78,700,28,0,78,0,28,0,78,0,28,500,78,0,28,0,78,0,28,0,78,0
,29,0,79,0,29,0,79,0,29,0,79,0,29,"2,100",79,0,29,0,79,"2,100",29,0,79,0,29,300,79,0,29,0,79,300,29,0,79,0,29,0,79,0,29,0,79,0,29,0,79,0,29,0,79,0
,30,0,80,0,30,0,80,0,30,500,80,0,30,0,80,500,30,0,80,0,30,700,80,300,30,500,80,300,30,0,80,300,30,500,80,0,30,300,80,0,30,0,80,300,30,0,80,0,30,0,80,0
,31,0,81,0,31,0,81,0,31,300,81,0,31,0,81,500,31,0,81,0,31,0,81,300,31,0,81,0,31,0,81,0,31,0,81,0,31,0,81,300,31,0,81,0,31,0,81,0,31,0,81,0
,32,300,82,500,32,0,82,300,32,300,82,500,32,300,82,0,32,0,82,0,32,0,82,500,32,0,82,0,32,300,82,300,32,0,82,300,32,300,82,0,32,0,82,0,32,0,82,0,32,0,82,0
,33,0,83,300,33,0,83,0,33,0,83,0,33,0,83,0,33,0,83,300,33,300,83,0,33,500,83,300,33,0,83,0,33,0,83,300,33,0,83,0,33,0,83,300,33,0,83,0,33,0,83,0
,34,0,84,0,34,300,84,0,34,0,84,"2,100",34,0,84,500,34,300,84,300,34,0,84,0,34,0,84,300,34,0,84,300,34,0,84,0,34,0,84,300,34,0,84,0,34,0,84,0,34,0,84,0
,35,500,85,300,35,0,85,300,35,0,85,500,35,300,85,0,35,0,85,500,35,0,85,0,35,0,85,0,35,0,85,0,35,0,85,0,35,300,85,0,35,300,85,0,35,0,85,0,35,0,85,0
,36,0,86,0,36,0,86,300,36,0,86,0,36,0,86,300,36,0,86,300,36,0,86,"2,100",36,300,86,700,36,0,86,0,36,0,86,0,36,300,86,0,36,300,86,0,36,0,86,0,36,0,86,0
,37,0,87,0,37,0,87,0,37,300,87,0,37,0,87,300,37,0,87,0,37,0,87,0,37,0,87,300,37,300,87,0,37,0,87,0,37,300,87,500,37,0,87,0,37,0,87,0,37,0,87,0
,38,500,88,300,38,0,88,300,38,0,88,0,38,0,88,0,38,0,88,0,38,300,88,300,38,300,88,"1,000",38,0,88,300,38,300,88,0,38,300,88,"2,100",38,0,88,500,38,0,88,0,38,0,88,0
,39,0,89,0,39,300,89,300,39,0,89,300,39,0,89,0,39,300,89,500,39,0,89,0,39,500,89,0,39,500,89,0,39,300,89,500,39,300,89,0,39,0,89,300,39,0,89,0,39,0,89,0
,40,0,90,0,40,500,90,0,40,300,90,500,40,0,90,0,40,300,90,0,40,0,90,300,40,0,90,0,40,500,90,0,40,0,90,500,40,0,90,0,40,300,90,300,40,0,90,0,40,0,90,0
,41,0,91,300,41,0,91,300,41,0,91,700,41,0,91,0,41,0,91,300,41,0,91,0,41,0,91,0,41,0,91,700,41,0,91,"1,400",41,0,91,0,41,0,91,0,41,0,91,0,41,0,91,0
,42,0,92,300,42,0,92,0,42,0,92,300,42,300,92,300,42,0,92,0,42,300,92,0,42,0,92,500,42,0,92,0,42,0,92,0,42,0,92,0,42,0,92,300,42,0,92,0,42,0,92,0
,43,500,93,0,43,300,93,0,43,0,93,0,43,0,93,0,43,0,93,"1,000",43,"2,100",93,500,43,0,93,0,43,0,93,300,43,500,93,0,43,300,93,0,43,0,93,0,43,0,93,0,43,0,93,0
,44,0,94,0,44,500,94,0,44,0,94,0,44,300,94,300,44,0,94,500,44,0,94,0,44,500,94,0,44,500,94,0,44,0,94,500,44,500,94,"2,100",44,"2,100",94,0,44,0,94,0,44,0,94,0
,45,0,95,500,45,500,95,0,45,"2,100",95,0,45,300,95,0,45,"1,400",95,0,45,0,95,0,45,0,95,0,45,0,95,500,45,500,95,0,45,300,95,0,45,300,95,0,45,0,95,0,45,0,95,0
,46,0,96,0,46,0,96,500,46,0,96,0,46,0,96,300,46,0,96,0,46,0,96,0,46,0,96,300,46,300,96,0,46,0,96,0,46,0,96,0,46,0,96,500,46,0,96,0,46,0,96,0
,47,0,97,300,47,500,97,"1,400",47,300,97,500,47,0,97,300,47,0,97,0,47,0,97,0,47,0,97,300,47,0,97,0,47,0,97,0,47,700,97,0,47,0,97,"1,000",47,0,97,0,47,0,97,0
,48,0,98,300,48,0,98,0,48,0,98,0,48,0,98,0,48,0,98,0,48,300,98,0,48,700,98,"1,400",48,0,98,0,48,0,98,300,48,0,98,"2,100",48,500,98,0,48,0,98,0,48,0,98,0
,49,0,99,300,49,0,99,300,49,0,99,0,49,0,99,300,49,300,99,0,49,0,99,"2,100",49,300,99,0,49,0,99,0,49,0,99,300,49,0,99,0,49,0,99,500,49,0,99,0,49,0,99,0
,50,0,100,0,50,0,100,0,50,0,100,0,50,0,100,0,50,0,100,"2,100",50,0,100,300,50,0,100,0,50,0,100,"2,100",50,0,100,0,50,300,100,500,50,0,100,0,50,0,100,0,50,0,100,0
,,,,,,,,,,,,,,,,,,,,,,,,,,,,,,,,,,,,,,,,,,,,,,,,,,,,
,,,,,,,,,,,,,,,,,,,,,,,,,,,,,,,,,,,,,,,,,,,,,,,,,,,,
,,,,,,,,,,,,,,,,,,,,,,,,,,,,,,,,,,,,,,,,,,,,,,,,,,,,
序號,17347,,,,17520,,,,17521,,,,19325,,,,19326,,,,19327,,,,17341,,,,17342,,,,17519,,,,19278,,,,19281,,,,,,,,,,,
0,64,,,,64,,,,64,,,,64,,,,65,,,,64,,,,63,,,,63,,,,63,,,,64,,,,64,,,,100,,,,100,,,
300,20,,,,20,,,,19,,,,20,,,,18,,,,19,,,,19,,,,19,,,,19,,,,21,,,,20,,,,0,,,,0,,,
500,11,,,,11,,,,11,,,,11,,,,12,,,,11,,,,12,,,,12,,,,12,,,,9,,,,11,,,,0,,,,0,,,
700,1,,,,0,,,,2,,,,0,,,,0,,,,2,,,,2,,,,2,,,,1,,,,1,,,,1,,,,0,,,,0,,,
1000,1,,,,1,,,,1,,,,1,,,,2,,,,1,,,,1,,,,1,,,,0,,,,1,,,,1,,,,0,,,,0,,,
1400,0,,,,2,,,,0,,,,2,,,,1,,,,0,,,,1,,,,1,,,,1,,,,0,,,,0,,,,0,,,,0,,,
2100,3,,,,2,,,,3,,,,2,,,,2,,,,3,,,,2,,,,2,,,,3,,,,4,,,,3,,,,0,,,,0,,,
3500,0,,,,0,,,,0,,,,0,,,,0,,,,0,,,,0,,,,0,,,,1,,,,0,,,,0,,,,0,,,,0,,,
4200,0,,,,0,,,,0,,,,0,,,,0,,,,0,,,,0,,,,0,,,,0,,,,0,,,,0,,,,0,,,,0,,,
5000,0,,,,0,,,,0,,,,0,,,,0,,,,0,,,,0,,,,0,,,,0,,,,0,,,,0,,,,0,,,,0,,,
合計獎金,19500,,,,19500,,,,19900,,,,19500,,,,19000,,,,19900,,,,19700,,,,19700,,,,23600,,,,20900,,,,19500,,,,0,,,,0,,,
中獎數,36,,,,36,,,,36,,,,36,,,,35,,,,36,,,,37,,,,37,,,,37,,,,36,,,,36,,,,0,,,,0,,,
全數,100,,,,100,,,,100,,,,100,,,,100,,,,100,,,,100,,,,100,,,,100,,,,100,,,,100,,,,100,,,,100,,,