,,,,,,,,,,,,,,,,,,,,,,,,,,,,,,,,,,,,,,,,,,,,,,,,,,,,,,,,,,,,,,,,
,遊戲主題,,,,,,"樂刮$5,000",,,,,,售價,,,,,,500元/張,,,,,,中獎率,,,,,,34.73%,,,,,,,,,,,,,,,,,,,,,,,,,,,,,,,,,
,15089,,35340,,35622,,35623,,35627,,35628,,35629,,35630,,35857,,35858,,36070,,36077,,36082,,36649,,36654,,36655,,36664,,70833,,70834,,,,,,,,,,,,,,,,,,,,,,,,,,,
,01,0,01,0,01,0,01,0,01,500,01,0,01,0,01,0,01,"5,000",01,500,01,0,01,0,01,0,01,0,01,0,01,0,01,0,01,0,01,500,01,0,,,,,,,,,,,,,,,,,,,,,,,,
,02,0,02,500,02,0,02,500,02,0,02,0,02,500,02,0,02,0,02,0,02,0,02,0,02,0,02,0,02,0,02,"1,000",02,0,02,500,02,500,02,0,,,,,,,,,,,,,,,,,,,,,,,,
,03,0,03,0,03,0,03,0,03,0,03,500,03,0,03,0,03,0,03,500,03,"5,000",03,0,03,0,03,0,03,500,03,500,03,0,03,0,03,500,03,0,,,,,,,,,,,,,,,,,,,,,,,,
,04,0,04,0,04,500,04,0,04,0,04,0,04,0,04,0,04,500,04,0,04,0,04,0,04,0,04,500,04,0,04,0,04,0,04,0,04,500,04,0,,,,,,,,,,,,,,,,,,,,,,,,
,05,500,05,"5,000",05,0,05,0,05,0,05,0,05,0,05,500,05,0,05,0,05,0,05,0,05,500,05,500,05,"5,000",05,0,05,500,05,0,05,0,05,0,,,,,,,,,,,,,,,,,,,,,,,,
,06,0,06,500,06,500,06,0,06,0,06,0,06,0,06,0,06,0,06,0,06,0,06,0,06,0,06,500,06,500,06,500,06,0,06,500,06,0,06,0,,,,,,,,,,,,,,,,,,,,,,,,
,07,0,07,0,07,0,07,500,07,500,07,500,07,"2,000",07,0,07,0,07,0,07,"5,000",07,500,07,500,07,0,07,0,07,500,07,0,07,0,07,0,07,0,,,,,,,,,,,,,,,,,,,,,,,,
,08,0,08,0,08,0,08,0,08,0,08,0,08,0,08,"1,000",08,0,08,500,08,500,08,0,08,0,08,0,08,0,08,500,08,0,08,0,08,0,08,0,,,,,,,,,,,,,,,,,,,,,,,,
,09,0,09,0,09,0,09,0,09,0,09,0,09,0,09,500,09,0,09,0,09,0,09,0,09,0,09,0,09,0,09,0,09,0,09,0,09,0,09,0,,,,,,,,,,,,,,,,,,,,,,,,
,10,0,10,0,10,"1,000",10,500,10,500,10,0,10,500,10,500,10,500,10,500,10,0,10,500,10,0,10,500,10,500,10,0,10,500,10,500,10,0,10,0,,,,,,,,,,,,,,,,,,,,,,,,
,11,0,11,0,11,0,11,500,11,0,11,0,11,0,11,0,11,0,11,500,11,0,11,0,11,0,11,0,11,0,11,0,11,0,11,0,11,"5,000",11,0,,,,,,,,,,,,,,,,,,,,,,,,
,12,"2,000",12,500,12,0,12,0,12,0,12,0,12,0,12,0,12,0,12,500,12,0,12,0,12,500,12,500,12,500,12,0,12,"5,000",12,0,12,500,12,0,,,,,,,,,,,,,,,,,,,,,,,,
,13,0,13,0,13,0,13,500,13,500,13,0,13,0,13,0,13,500,13,500,13,0,13,0,13,0,13,0,13,500,13,0,13,0,13,0,13,0,13,0,,,,,,,,,,,,,,,,,,,,,,,,
,14,0,14,500,14,0,14,0,14,500,14,"5,000",14,0,14,0,14,0,14,0,14,0,14,0,14,0,14,"1,000",14,500,14,500,14,0,14,500,14,0,14,0,,,,,,,,,,,,,,,,,,,,,,,,
,15,500,15,0,15,0,15,0,15,500,15,500,15,0,15,0,15,0,15,0,15,0,15,500,15,0,15,500,15,0,15,0,15,500,15,0,15,"2,000",15,0,,,,,,,,,,,,,,,,,,,,,,,,
,16,"5,000",16,0,16,500,16,"2,000",16,500,16,500,16,"5,000",16,0,16,0,16,0,16,"1,000",16,0,16,500,16,0,16,500,16,0,16,0,16,500,16,0,16,0,,,,,,,,,,,,,,,,,,,,,,,,
,17,0,17,0,17,0,17,0,17,0,17,0,17,500,17,0,17,0,17,"5,000",17,500,17,0,17,0,17,0,17,0,17,0,17,500,17,500,17,500,17,0,,,,,,,,,,,,,,,,,,,,,,,,
,18,0,18,0,18,0,18,0,18,0,18,0,18,0,18,0,18,0,18,500,18,500,18,500,18,500,18,500,18,0,18,500,18,0,18,0,18,0,18,0,,,,,,,,,,,,,,,,,,,,,,,,
,19,0,19,0,19,0,19,0,19,500,19,0,19,0,19,"5,000",19,0,19,0,19,0,19,500,19,0,19,0,19,0,19,0,19,0,19,0,19,0,19,0,,,,,,,,,,,,,,,,,,,,,,,,
,20,0,20,500,20,500,20,500,20,0,20,0,20,500,20,500,20,0,20,0,20,500,20,500,20,"5,000",20,0,20,500,20,0,20,0,20,0,20,0,20,0,,,,,,,,,,,,,,,,,,,,,,,,
,21,0,21,500,21,0,21,0,21,0,21,0,21,0,21,0,21,0,21,0,21,500,21,500,21,500,21,500,21,"1,000",21,0,21,0,21,0,21,0,21,0,,,,,,,,,,,,,,,,,,,,,,,,
,22,500,22,0,22,500,22,0,22,0,22,0,22,0,22,500,22,"1,000",22,500,22,500,22,500,22,500,22,0,22,0,22,500,22,0,22,500,22,0,22,0,,,,,,,,,,,,,,,,,,,,,,,,
,23,0,23,0,23,500,23,0,23,0,23,0,23,0,23,0,23,500,23,0,23,0,23,0,23,500,23,0,23,0,23,500,23,0,23,"1,000",23,0,23,0,,,,,,,,,,,,,,,,,,,,,,,,
,24,0,24,500,24,500,24,0,24,0,24,500,24,500,24,0,24,0,24,500,24,0,24,0,24,0,24,0,24,0,24,500,24,"1,000",24,500,24,0,24,0,,,,,,,,,,,,,,,,,,,,,,,,
,25,500,25,0,25,0,25,0,25,500,25,0,25,0,25,500,25,0,25,0,25,0,25,"5,000",25,500,25,0,25,0,25,0,25,0,25,500,25,0,25,0,,,,,,,,,,,,,,,,,,,,,,,,
,26,0,26,500,26,0,26,0,26,0,26,"5,000",26,0,26,0,26,500,26,0,26,500,26,0,26,0,26,0,26,0,26,0,26,0,26,"5,000",26,500,26,0,,,,,,,,,,,,,,,,,,,,,,,,
,27,0,27,0,27,0,27,500,27,0,27,500,27,500,27,0,27,0,27,0,27,0,27,0,27,0,27,500,27,0,27,0,27,0,27,0,27,0,27,0,,,,,,,,,,,,,,,,,,,,,,,,
,28,500,28,0,28,0,28,0,28,0,28,500,28,0,28,0,28,500,28,"1,000",28,500,28,0,28,"1,000",28,500,28,"5,000",28,0,28,0,28,0,28,0,28,0,,,,,,,,,,,,,,,,,,,,,,,,
,29,"5,000",29,500,29,500,29,0,29,0,29,500,29,0,29,0,29,0,29,0,29,500,29,0,29,0,29,0,29,0,29,0,29,0,29,0,29,0,29,0,,,,,,,,,,,,,,,,,,,,,,,,
,30,0,30,0,30,0,30,500,30,0,30,0,30,500,30,0,30,"5,000",30,500,30,0,30,0,30,0,30,0,30,0,30,0,30,500,30,0,30,500,30,0,,,,,,,,,,,,,,,,,,,,,,,,
,31,0,31,0,31,500,31,500,31,0,31,0,31,0,31,500,31,500,31,0,31,0,31,0,31,0,31,500,31,0,31,0,31,0,31,500,31,500,31,0,,,,,,,,,,,,,,,,,,,,,,,,
,32,500,32,0,32,0,32,0,32,"5,000",32,500,32,0,32,0,32,0,32,0,32,500,32,0,32,500,32,"5,000",32,0,32,500,32,0,32,"5,000",32,500,32,0,,,,,,,,,,,,,,,,,,,,,,,,
,33,0,33,0,33,0,33,500,33,0,33,0,33,0,33,500,33,500,33,0,33,0,33,500,33,0,33,0,33,0,33,500,33,0,33,500,33,0,33,0,,,,,,,,,,,,,,,,,,,,,,,,
,34,500,34,500,34,"5,000",34,0,34,500,34,0,34,0,34,0,34,"1,000",34,500,34,0,34,500,34,500,34,500,34,0,34,0,34,0,34,0,34,0,34,0,,,,,,,,,,,,,,,,,,,,,,,,
,35,500,35,500,35,500,35,0,35,0,35,0,35,500,35,"5,000",35,0,35,0,35,500,35,"5,000",35,0,35,0,35,0,35,0,35,0,35,0,35,500,35,0,,,,,,,,,,,,,,,,,,,,,,,,
,36,500,36,"1,000",36,0,36,0,36,0,36,500,36,0,36,500,36,0,36,0,36,0,36,0,36,0,36,"5,000",36,500,36,500,36,500,36,0,36,0,36,0,,,,,,,,,,,,,,,,,,,,,,,,
,37,0,37,500,37,"5,000",37,500,37,500,37,500,37,500,37,0,37,500,37,0,37,0,37,0,37,0,37,500,37,0,37,"5,000",37,500,37,0,37,500,37,0,,,,,,,,,,,,,,,,,,,,,,,,
,38,500,38,0,38,500,38,0,38,500,38,500,38,500,38,0,38,0,38,0,38,"1,000",38,0,38,0,38,0,38,"1,000",38,0,38,500,38,0,38,0,38,0,,,,,,,,,,,,,,,,,,,,,,,,
,39,500,39,0,39,0,39,500,39,0,39,"1,000",39,0,39,0,39,500,39,0,39,0,39,"1,000",39,500,39,0,39,500,39,0,39,0,39,500,39,0,39,0,,,,,,,,,,,,,,,,,,,,,,,,
,40,0,40,0,40,500,40,0,40,0,40,500,40,0,40,500,40,500,40,"1,000",40,0,40,0,40,"5,000",40,0,40,500,40,"5,000",40,0,40,500,40,0,40,0,,,,,,,,,,,,,,,,,,,,,,,,
,41,0,41,500,41,0,41,0,41,0,41,0,41,500,41,500,41,0,41,0,41,500,41,0,41,0,41,0,41,0,41,0,41,500,41,0,41,0,41,0,,,,,,,,,,,,,,,,,,,,,,,,
,42,0,42,0,42,0,42,500,42,0,42,0,42,0,42,500,42,0,42,0,42,0,42,500,42,0,42,0,42,0,42,0,42,500,42,0,42,0,42,0,,,,,,,,,,,,,,,,,,,,,,,,
,43,0,43,0,43,0,43,0,43,"5,000",43,500,43,500,43,500,43,0,43,0,43,0,43,0,43,500,43,0,43,0,43,0,43,500,43,0,43,0,43,0,,,,,,,,,,,,,,,,,,,,,,,,
,44,500,44,0,44,0,44,0,44,500,44,0,44,0,44,500,44,0,44,0,44,0,44,0,44,0,44,500,44,500,44,"1,000",44,500,44,0,44,0,44,0,,,,,,,,,,,,,,,,,,,,,,,,
,45,500,45,0,45,0,45,"5,000",45,"2,000",45,0,45,500,45,0,45,0,45,0,45,500,45,500,45,0,45,500,45,0,45,500,45,500,45,0,45,500,45,0,,,,,,,,,,,,,,,,,,,,,,,,
,46,0,46,0,46,500,46,"5,000",46,0,46,0,46,"5,000",46,500,46,0,46,0,46,0,46,500,46,0,46,0,46,0,46,0,46,"1,000",46,0,46,0,46,0,,,,,,,,,,,,,,,,,,,,,,,,
,47,500,47,0,47,0,47,500,47,0,47,0,47,0,47,0,47,0,47,500,47,0,47,0,47,0,47,0,47,500,47,0,47,0,47,0,47,0,47,0,,,,,,,,,,,,,,,,,,,,,,,,
,48,0,48,"5,000",48,500,48,0,48,0,48,500,48,500,48,0,48,0,48,0,48,0,48,0,48,0,48,0,48,0,48,0,48,0,48,"1,000",48,0,48,0,,,,,,,,,,,,,,,,,,,,,,,,
,49,0,49,500,49,0,49,0,49,500,49,0,49,0,49,0,49,500,49,"5,000",49,0,49,500,49,500,49,0,49,0,49,0,49,0,49,500,49,"5,000",49,0,,,,,,,,,,,,,,,,,,,,,,,,
,50,0,50,500,50,500,50,0,50,0,50,0,50,0,50,0,50,500,50,0,50,0,50,500,50,500,50,0,50,0,50,0,50,"5,000",50,0,50,500,50,0,,,,,,,,,,,,,,,,,,,,,,,,
,,,,,,,,,,,,,,,,,,,,,,,,,,,,,,,,,,,,,,,,,,,,,,,,,,,,,,,,,,,,,,,,
,,,,,,,,,,,,,,,,,,,,,,,,,,,,,,,,,,,,,,,,,,,,,,,,,,,,,,,,,,,,,,,,
,,,,,,,,,,,,,,,,,,,,,,,,,,,,,,,,,,,,,,,,,,,,,,,,,,,,,,,,,,,,,,,,
,,,,,,,,,,,,,,,,,,,,,,,,,,,,,,,,,,,,,,,,,,,,,,,,,,,,,,,,,,,,,,,,
,,,,,,,,,,,,,,,,,,,,,,,,,,,,,,,,,,,,,,,,,,,,,,,,,,,,,,,,,,,,,,,,
,,,,,,,,,,,,,,,,,,,,,,,,,,,,,,,,,,,,,,,,,,,,,,,,,,,,,,,,,,,,,,,,
,,,,,,,,,,,,,,,,,,,,,,,,,,,,,,,,,,,,,,,,,,沒公式純數據,,,,,,,,,,,,,,,,,,,,,,
,,,,,,,,,,,,,,,,,,,,,,,,,,,,,,,,,,,,,,,,,,,,,,,,,,,,,,,,,,,,,,,,
,,,,,,,,,,,,,,,,,,,,,,,,,,,,,,,,,,,,,,,,,,,,,,,,,,,,,,,,,,,,,,,,
,15089,,35340,,35622,,35623,,35627,,35628,,35629,,35630,,35857,,35858,,36070,,36077,,36082,,36649,,36654,,36655,,36664,,70833,,70834,,,,,,15089,35340,35622,35623,35627,35628,35629,35630,35857,35858,36070,36077,36082,36649,36654,36655,36664,70833,70834,,,
0,33,0,32,0,32,0,33,0,33,0,32,0,33,0,32,0,33,0,33,0,33,0,32,0,32,0,32,0,33,0,33,0,33,0,32,0,33,0,50,0,,0,33,32,32,33,33,32,33,32,33,33,33,32,32,32,33,33,33,32,33,0,50,0
500,14,0,15,0,15,0,14,0,14,0,15,0,14,0,15,0,13,0,13,0,13,0,15,0,15,0,15,0,13,0,13,0,13,0,14,0,14,0,0,0,,500,14,15,15,14,14,15,14,15,13,13,13,15,15,15,13,13,13,14,14,0,0,0
1000,0,0,1,0,1,0,0,0,0,0,1,0,0,0,1,0,2,0,2,0,2,0,1,0,1,0,1,0,2,0,2,0,2,0,2,0,0,0,0,0,,1000,0,1,1,0,0,1,0,1,2,2,2,1,1,1,2,2,2,2,0,0,0,0
2000,1,0,0,0,0,0,1,0,1,0,0,0,1,0,0,0,0,0,0,0,0,0,0,0,0,0,0,0,0,0,0,0,0,0,0,0,1,0,0,0,,2000,1,0,0,1,1,0,1,0,0,0,0,0,0,0,0,0,0,0,1,0,0,0
5000,2,0,2,0,2,0,2,0,2,0,2,0,2,0,2,0,2,0,2,0,2,0,2,0,2,0,2,0,2,0,2,0,2,0,2,0,2,0,0,0,,5000,2,2,2,2,2,2,2,2,2,2,2,2,2,2,2,2,2,2,2,0,0,0
,19000,0,18500,0,18500,0,19000,0,19000,0,18500,0,19000,0,18500,0,18500,0,18500,0,18500,0,18500,0,18500,0,18500,0,18500,0,18500,0,18500,0,19000,0,19000,0,0,0,,,19000,18500,18500,19000,19000,18500,19000,18500,18500,18500,18500,18500,18500,18500,18500,18500,18500,19000,19000,0,0,0