,,,,,,,,,,,,,,,,,,,,,,,,,,,,,,,,,,,,,,,,,,,,,,,,,,,,,,,,,,,,,,,,,,,,,,,,,,,,
,10672,,,,10677,,,,13013,,,,13014,,,,10555,,,,10547,,,,10556,,,,13004,,,,13005,,,,13006,,,,19326,,,,10671,,,,10582,,,,10583,,,,10666,,,,10668,,,,010670,,,,010672,,,,010677,,,
,,,,,,,,,,,,,,,,,,,,,,,,,,,,,,,,,,,,,,,,,,,,,,,,,,,,,,,,,,,,,,,,,,,,,,,,,,,,
,01,0,51,500,01,0,51,0,01,"1,000",51,0,01,300,51,300,01,0,51,0,01,0,51,500,01,300,51,0,01,0,51,0,01,0,51,0,01,300,51,0,01,300,51,0,01,0,51,0,01,0,51,0,01,0,51,0,01,0,51,500,01,0,51,0,01,300,51,0,01,0,51,500,01,0,51,0
,02,0,52,0,02,300,52,300,02,300,52,0,02,0,52,0,02,0,52,0,02,0,52,0,02,0,52,0,02,300,52,0,02,0,52,300,02,0,52,300,02,0,52,0,02,0,52,500,02,300,52,0,02,0,52,300,02,"1,000",52,0,02,300,52,0,02,0,52,0,02,0,52,0,02,300,52,300
,03,0,53,0,03,300,53,300,03,0,53,0,03,500,53,0,03,500,53,0,03,300,53,300,03,"1,000",53,500,03,300,53,500,03,300,53,"1,000",03,0,53,300,03,"5,000",53,"1,000",03,0,53,0,03,0,53,0,03,0,53,"1,000",03,0,53,0,03,"1,000",53,0,03,"5,000",53,"1,000",03,0,53,0,03,300,53,300
,04,500,54,0,04,0,54,0,04,0,54,300,04,0,54,500,04,300,54,0,04,0,54,500,04,0,54,300,04,0,54,"1,000",04,300,54,0,04,0,54,0,04,0,54,0,04,0,54,0,04,0,54,"1,000",04,0,54,500,04,500,54,0,04,0,54,0,04,0,54,0,04,500,54,0,04,0,54,0
,05,300,55,0,05,0,55,0,05,0,55,500,05,0,55,0,05,0,55,0,05,0,55,0,05,0,55,300,05,0,55,0,05,500,55,300,05,"1,000",55,0,05,500,55,300,05,0,55,300,05,0,55,0,05,0,55,0,05,0,55,0,05,0,55,0,05,500,55,300,05,300,55,0,05,0,55,0
,06,500,56,0,06,0,56,300,06,0,56,0,06,300,56,500,06,0,56,300,06,0,56,"1,000",06,0,56,300,06,500,56,300,06,0,56,300,06,0,56,0,06,0,56,0,06,300,56,0,06,0,56,0,06,500,56,"1,000",06,500,56,500,06,0,56,300,06,0,56,0,06,500,56,0,06,0,56,300
,07,0,57,500,07,0,57,300,07,0,57,"1,000",07,500,57,0,07,0,57,300,07,0,57,500,07,0,57,500,07,0,57,500,07,0,57,0,07,300,57,0,07,500,57,0,07,0,57,0,07,0,57,500,07,0,57,500,07,300,57,0,07,300,57,0,07,500,57,0,07,0,57,500,07,0,57,300
,08,0,58,0,08,0,58,0,08,500,58,0,08,0,58,0,08,500,58,0,08,500,58,0,08,0,58,0,08,0,58,0,08,300,58,0,08,0,58,0,08,"1,000",58,0,08,0,58,"1,000",08,300,58,0,08,0,58,"1,000",08,500,58,300,08,"2,000",58,300,08,"1,000",58,0,08,"5,000",58,0,08,0,58,0
,09,"5,000",59,300,09,300,59,300,09,0,59,0,09,0,59,300,09,0,59,500,09,0,59,0,09,0,59,0,09,0,59,0,09,0,59,0,09,0,59,0,09,0,59,0,09,0,59,0,09,500,59,0,09,300,59,0,09,"1,000",59,0,09,500,59,0,09,0,59,0,09,0,59,300,09,300,59,300
,10,0,60,0,10,0,60,0,10,0,60,0,10,0,60,0,10,0,60,"1,000",10,0,60,0,10,0,60,0,10,0,60,0,10,0,60,0,10,0,60,500,10,0,60,0,10,0,60,300,10,300,60,0,10,0,60,0,10,500,60,0,10,300,60,0,10,0,60,0,10,0,60,0,10,0,60,0
,11,0,61,500,11,300,61,0,11,300,61,"2,000",11,0,61,0,11,500,61,0,11,0,61,300,11,300,61,0,11,300,61,0,11,"1,000",61,"1,000",11,300,61,0,11,0,61,0,11,300,61,0,11,0,61,500,11,500,61,0,11,0,61,0,11,0,61,0,11,0,61,0,11,0,61,500,11,300,61,0
,12,0,62,300,12,500,62,0,12,300,62,0,12,"1,000",62,0,12,0,62,500,12,300,62,0,12,0,62,0,12,0,62,0,12,300,62,0,12,0,62,0,12,0,62,500,12,0,62,0,12,0,62,0,12,0,62,0,12,0,62,0,12,0,62,0,12,0,62,500,12,0,62,300,12,500,62,0
,13,0,63,0,13,500,63,0,13,500,63,0,13,0,63,0,13,0,63,300,13,500,63,0,13,0,63,0,13,0,63,0,13,300,63,0,13,0,63,0,13,500,63,0,13,0,63,500,13,500,63,300,13,300,63,0,13,300,63,"1,000",13,300,63,300,13,500,63,0,13,0,63,0,13,500,63,0
,14,500,64,300,14,500,64,"1,000",14,0,64,0,14,"1,000",64,0,14,300,64,0,14,0,64,0,14,"1,000",64,500,14,0,64,0,14,500,64,0,14,0,64,0,14,0,64,300,14,300,64,0,14,0,64,300,14,0,64,0,14,0,64,0,14,"1,000",64,"1,000",14,0,64,300,14,500,64,300,14,500,64,"1,000"
,15,"1,000",65,0,15,0,65,0,15,0,65,300,15,0,65,0,15,0,65,0,15,0,65,0,15,0,65,0,15,300,65,300,15,0,65,0,15,500,65,500,15,0,65,0,15,0,65,500,15,0,65,0,15,0,65,300,15,0,65,0,15,"1,000",65,0,15,0,65,0,15,"1,000",65,0,15,0,65,0
,16,500,66,0,16,500,66,0,16,"1,000",66,0,16,0,66,0,16,0,66,0,16,300,66,300,16,0,66,0,16,0,66,300,16,"1,000",66,500,16,0,66,0,16,0,66,300,16,0,66,500,16,300,66,300,16,0,66,0,16,0,66,0,16,0,66,500,16,0,66,300,16,500,66,0,16,500,66,0
,17,0,67,"1,000",17,0,67,0,17,0,67,0,17,500,67,500,17,0,67,500,17,0,67,500,17,0,67,0,17,0,67,"2,000",17,0,67,500,17,0,67,0,17,500,67,0,17,0,67,0,17,500,67,"1,000",17,0,67,300,17,500,67,0,17,300,67,0,17,500,67,0,17,0,67,"1,000",17,0,67,0
,18,0,68,0,18,0,68,0,18,300,68,0,18,0,68,500,18,"1,000",68,0,18,0,68,300,18,0,68,500,18,0,68,500,18,0,68,"1,000",18,0,68,500,18,0,68,500,18,300,68,"1,000",18,0,68,300,18,300,68,0,18,0,68,300,18,0,68,0,18,0,68,500,18,0,68,0,18,0,68,0
,19,0,69,0,19,0,69,300,19,0,69,0,19,0,69,0,19,"1,000",69,500,19,0,69,0,19,0,69,300,19,300,69,0,19,0,69,0,19,0,69,0,19,0,69,0,19,300,69,0,19,0,69,0,19,0,69,0,19,0,69,0,19,0,69,500,19,0,69,0,19,0,69,0,19,0,69,300
,20,0,70,300,20,0,70,0,20,0,70,0,20,300,70,0,20,300,70,500,20,0,70,500,20,0,70,0,20,0,70,0,20,0,70,0,20,0,70,0,20,0,70,0,20,0,70,0,20,"1,000",70,0,20,0,70,0,20,300,70,0,20,0,70,0,20,0,70,0,20,0,70,300,20,0,70,0
,21,0,71,0,21,"1,000",71,500,21,0,71,0,21,0,71,0,21,0,71,0,21,0,71,0,21,0,71,0,21,300,71,"1,000",21,500,71,0,21,300,71,0,21,300,71,500,21,0,71,0,21,500,71,500,21,0,71,0,21,0,71,"2,000",21,0,71,0,21,300,71,500,21,0,71,0,21,"1,000",71,500
,22,300,72,0,22,0,72,0,22,0,72,0,22,0,72,0,22,300,72,0,22,"1,000",72,500,22,500,72,500,22,0,72,0,22,300,72,0,22,0,72,0,22,0,72,0,22,500,72,300,22,0,72,0,22,0,72,0,22,0,72,500,22,0,72,0,22,0,72,0,22,300,72,0,22,0,72,0
,23,300,73,300,23,"1,000",73,0,23,300,73,"1,000",23,300,73,0,23,0,73,0,23,0,73,"1,000",23,0,73,0,23,0,73,0,23,0,73,"1,000",23,500,73,300,23,"1,000",73,0,23,300,73,0,23,0,73,0,23,0,73,300,23,0,73,300,23,0,73,0,23,"1,000",73,0,23,300,73,300,23,"1,000",73,0
,24,0,74,0,24,0,74,0,24,0,74,0,24,0,74,0,24,0,74,0,24,0,74,0,24,0,74,"1,000",24,0,74,0,24,300,74,0,24,500,74,500,24,0,74,0,24,0,74,500,24,300,74,0,24,0,74,500,24,300,74,300,24,500,74,500,24,0,74,0,24,0,74,0,24,0,74,0
,25,"1,000",75,0,25,0,75,500,25,0,75,0,25,0,75,500,25,0,75,500,25,0,75,"1,000",25,300,75,0,25,500,75,300,25,0,75,0,25,500,75,0,25,0,75,300,25,0,75,0,25,300,75,300,25,0,75,0,25,500,75,0,25,0,75,0,25,0,75,300,25,"1,000",75,0,25,0,75,500
,26,300,76,300,26,0,76,300,26,300,76,0,26,0,76,0,26,0,76,0,26,500,76,500,26,0,76,300,26,0,76,0,26,0,76,"1,000",26,300,76,0,26,0,76,0,26,300,76,0,26,"1,000",76,0,26,500,76,0,26,0,76,0,26,0,76,300,26,0,76,0,26,300,76,300,26,0,76,300
,27,300,77,500,27,0,77,0,27,0,77,"1,000",27,"1,000",77,0,27,"1,000",77,0,27,300,77,0,27,0,77,0,27,300,77,0,27,0,77,0,27,"1,000",77,0,27,0,77,0,27,0,77,500,27,0,77,0,27,500,77,0,27,0,77,0,27,0,77,300,27,0,77,0,27,300,77,500,27,0,77,0
,28,0,78,500,28,0,78,"1,000",28,0,78,300,28,0,78,0,28,300,78,300,28,0,78,"1,000",28,300,78,300,28,0,78,300,28,0,78,0,28,0,78,0,28,0,78,0,28,0,78,300,28,0,78,0,28,0,78,500,28,0,78,0,28,0,78,300,28,0,78,0,28,0,78,500,28,0,78,"1,000"
,29,0,79,0,29,0,79,0,29,0,79,300,29,0,79,0,29,500,79,0,29,0,79,0,29,0,79,0,29,500,79,0,29,500,79,300,29,0,79,300,29,500,79,"2,000",29,"1,000",79,0,29,0,79,0,29,0,79,300,29,0,79,500,29,0,79,0,29,300,79,"2,000",29,0,79,0,29,0,79,0
,30,0,80,0,30,0,80,0,30,300,80,0,30,0,80,0,30,0,80,0,30,0,80,0,30,500,80,300,30,0,80,0,30,500,80,0,30,0,80,"1,000",30,0,80,0,30,500,80,0,30,300,80,300,30,500,80,0,30,0,80,0,30,0,80,0,30,0,80,0,30,0,80,0,30,0,80,0
,31,0,81,0,31,500,81,0,31,0,81,500,31,500,81,300,31,300,81,300,31,0,81,300,31,300,81,0,31,0,81,500,31,0,81,300,31,300,81,0,31,0,81,"1,000",31,0,81,300,31,0,81,0,31,300,81,0,31,500,81,0,31,500,81,300,31,0,81,"1,000",31,0,81,0,31,500,81,0
,32,0,82,0,32,0,82,0,32,0,82,300,32,0,82,0,32,"2,000",82,0,32,0,82,0,32,0,82,0,32,0,82,0,32,300,82,500,32,0,82,0,32,0,82,0,32,0,82,"1,000",32,0,82,"5,000",32,0,82,0,32,500,82,"1,000",32,0,82,0,32,0,82,0,32,0,82,0,32,0,82,0
,33,300,83,0,33,"1,000",83,500,33,0,83,500,33,500,83,300,33,0,83,0,33,500,83,300,33,"2,000",83,0,33,0,83,0,33,0,83,0,33,"1,000",83,0,33,300,83,500,33,0,83,500,33,300,83,0,33,300,83,0,33,0,83,0,33,500,83,0,33,300,83,500,33,300,83,0,33,"1,000",83,500
,34,0,84,0,34,0,84,0,34,0,84,0,34,0,84,0,34,0,84,0,34,0,84,0,34,0,84,500,34,500,84,300,34,0,84,0,34,0,84,0,34,0,84,0,34,300,84,0,34,0,84,300,34,300,84,300,34,0,84,0,34,300,84,0,34,0,84,0,34,0,84,0,34,0,84,0
,35,0,85,"2,000",35,"1,000",85,0,35,500,85,0,35,0,85,0,35,0,85,0,35,300,85,0,35,0,85,0,35,0,85,"1,000",35,0,85,500,35,300,85,300,35,0,85,0,35,500,85,0,35,0,85,0,35,0,85,0,35,300,85,0,35,500,85,500,35,0,85,0,35,0,85,"2,000",35,"1,000",85,0
,36,0,86,0,36,0,86,0,36,"1,000",86,300,36,0,86,300,36,0,86,300,36,0,86,0,36,500,86,0,36,0,86,0,36,500,86,0,36,0,86,500,36,0,86,0,36,0,86,0,36,0,86,0,36,"1,000",86,0,36,300,86,0,36,"1,000",86,0,36,0,86,0,36,0,86,0,36,0,86,0
,37,500,87,0,37,300,87,0,37,300,87,0,37,0,87,300,37,0,87,"1,000",37,0,87,0,37,0,87,0,37,0,87,0,37,0,87,0,37,0,87,500,37,0,87,300,37,"1,000",87,0,37,0,87,0,37,"1,000",87,0,37,0,87,0,37,0,87,500,37,0,87,300,37,500,87,0,37,300,87,0
,38,"1,000",88,"1,000",38,0,88,0,38,0,88,0,38,0,88,0,38,300,88,300,38,0,88,500,38,"1,000",88,0,38,500,88,0,38,0,88,0,38,0,88,0,38,500,88,0,38,300,88,0,38,0,88,300,38,300,88,0,38,0,88,300,38,0,88,0,38,500,88,0,38,"1,000",88,"1,000",38,0,88,0
,39,0,89,500,39,300,89,0,39,0,89,500,39,"1,000",89,0,39,"1,000",89,0,39,"1,000",89,0,39,0,89,0,39,0,89,500,39,500,89,0,39,"1,000",89,0,39,300,89,0,39,"1,000",89,500,39,500,89,500,39,300,89,300,39,0,89,300,39,0,89,0,39,300,89,0,39,0,89,500,39,300,89,0
,40,0,90,300,40,300,90,500,40,300,90,0,40,"1,000",90,0,40,300,90,0,40,0,90,0,40,300,90,0,40,500,90,0,40,0,90,500,40,0,90,"2,000",40,500,90,0,40,0,90,0,40,300,90,0,40,0,90,500,40,300,90,300,40,0,90,0,40,500,90,0,40,0,90,300,40,300,90,500
,41,0,91,0,41,"1,000",91,0,41,0,91,0,41,0,91,0,41,500,91,0,41,0,91,0,41,0,91,500,41,0,91,0,41,300,91,0,41,0,91,500,41,300,91,0,41,0,91,300,41,0,91,0,41,0,91,0,41,0,91,0,41,"1,000",91,0,41,300,91,0,41,0,91,0,41,"1,000",91,0
,42,0,92,0,42,500,92,0,42,0,92,0,42,0,92,0,42,0,92,0,42,0,92,300,42,0,92,0,42,0,92,0,42,0,92,0,42,300,92,300,42,300,92,300,42,500,92,0,42,500,92,0,42,0,92,0,42,0,92,0,42,0,92,0,42,300,92,300,42,0,92,0,42,500,92,0
,43,0,93,0,43,0,93,500,43,500,93,300,43,"2,000",93,0,43,0,93,0,43,0,93,300,43,0,93,0,43,0,93,300,43,0,93,0,43,0,93,"1,000",43,0,93,300,43,0,93,0,43,500,93,500,43,"1,000",93,0,43,0,93,"1,000",43,0,93,500,43,0,93,300,43,0,93,0,43,0,93,500
,44,500,94,0,44,300,94,300,44,0,94,500,44,0,94,0,44,0,94,0,44,0,94,0,44,0,94,0,44,500,94,0,44,0,94,0,44,0,94,0,44,500,94,300,44,0,94,0,44,0,94,0,44,0,94,0,44,"1,000",94,0,44,0,94,300,44,500,94,300,44,500,94,0,44,300,94,300
,45,0,95,300,45,0,95,0,45,0,95,500,45,300,95,300,45,0,95,0,45,300,95,300,45,0,95,300,45,300,95,"1,000",45,0,95,300,45,0,95,0,45,"1,000",95,0,45,0,95,"2,000",45,0,95,0,45,0,95,"1,000",45,0,95,0,45,0,95,0,45,"1,000",95,0,45,0,95,300,45,0,95,0
,46,0,96,300,46,500,96,0,46,0,96,0,46,300,96,0,46,0,96,0,46,0,96,0,46,500,96,0,46,0,96,"1,000",46,300,96,0,46,0,96,0,46,300,96,0,46,0,96,0,46,500,96,0,46,0,96,0,46,300,96,0,46,0,96,500,46,300,96,0,46,0,96,300,46,500,96,0
,47,"1,000",97,300,47,0,97,0,47,0,97,0,47,500,97,500,47,0,97,0,47,0,97,300,47,"1,000",97,300,47,0,97,500,47,0,97,0,47,500,97,500,47,0,97,0,47,0,97,0,47,0,97,0,47,0,97,500,47,0,97,500,47,0,97,0,47,0,97,0,47,"1,000",97,300,47,0,97,0
,48,0,98,0,48,0,98,0,48,0,98,0,48,300,98,0,48,500,98,0,48,"2,000",98,0,48,500,98,0,48,0,98,0,48,0,98,0,48,300,98,0,48,300,98,"1,000",48,0,98,0,48,0,98,"2,000",48,0,98,300,48,0,98,0,48,0,98,0,48,300,98,"1,000",48,0,98,0,48,0,98,0
,49,0,99,0,49,0,99,300,49,500,99,0,49,300,99,0,49,0,99,0,49,0,99,0,49,0,99,300,49,300,99,0,49,300,99,0,49,300,99,0,49,500,99,0,49,300,99,500,49,0,99,"1,000",49,300,99,0,49,0,99,0,49,300,99,300,49,500,99,0,49,0,99,0,49,0,99,300
,50,300,100,0,50,0,100,0,50,300,100,500,50,300,100,"1,000",50,0,100,300,50,300,100,0,50,"1,000",100,0,50,0,100,300,50,0,100,0,50,0,100,0,50,0,100,0,50,0,100,0,50,0,100,0,50,0,100,500,50,300,100,0,50,0,100,0,50,0,100,0,50,300,100,0,50,0,100,0
,,,,,,,,,,,,,,,,,,,,,,,,,,,,,,,,,,,,,,,,,,,,,,,,,,,,,,,,,,,,,,,,,,,,,,,,,,,,
,,,,,,,,,,,,,,,,,,,,,,,,,,,,,,,,,,,,,,,,,,,,,,,,,,,,,,,,,,,,,,,,,,,,,,,,,,,,
序號,10672,,,,10677,,,,13013,,,,13014,,,,10555,,,,10547,,,,10556,,,,13004,,,,13005,,,,13006,,,,19326,,,,10671,,,,10582,,,,10583,,,,10666,,,,10668,,,,010670,,,,010672,,,,010677,,,
0,63,,,,64,,,,64,,,,65,,,,65,,,,64,,,,65,,,,64,,,,64,,,,64,,,,63,,,,64,,,,63,,,,64,,,,64,,,,65,,,,63,,,,63,,,,64,,,
300,17,,,,17,,,,17,,,,16,,,,16,,,,17,,,,16,,,,17,,,,17,,,,16,,,,16,,,,16,,,,17,,,,17,,,,16,,,,16,,,,17,,,,17,,,,17,,,
500,12,,,,12,,,,12,,,,12,,,,12,,,,12,,,,12,,,,13,,,,12,,,,13,,,,13,,,,13,,,,13,,,,12,,,,13,,,,12,,,,12,,,,12,,,,12,,,
1000,6,,,,7,,,,6,,,,6,,,,6,,,,6,,,,6,,,,5,,,,7,,,,6,,,,6,,,,6,,,,5,,,,7,,,,6,,,,6,,,,6,,,,6,,,,7,,,
2000,1,,,,0,,,,1,,,,1,,,,1,,,,1,,,,1,,,,1,,,,0,,,,1,,,,1,,,,1,,,,1,,,,0,,,,1,,,,1,,,,1,,,,1,,,,0,,,
5000,1,,,,0,,,,0,,,,0,,,,0,,,,0,,,,0,,,,0,,,,0,,,,0,,,,1,,,,0,,,,1,,,,0,,,,0,,,,0,,,,1,,,,1,,,,0,,,
回本金額,56400,,,,53700,,,,56700,,,,56500,,,,56500,,,,56700,,,,56500,,,,55700,,,,53700,,,,57200,,,,56900,,,,57200,,,,55400,,,,53700,,,,57200,,,,56500,,,,56400,,,,56400,,,,53700,,,
整本張數,100,,,,100,,,,100,,,,100,,,,100,,,,100,,,,100,,,,100,,,,100,,,,100,,,,100,,,,100,,,,100,,,,100,,,,100,,,,100,,,,100,,,,100,,,,100,,,
中獎張數,37,,,,36,,,,36,,,,35,,,,35,,,,36,,,,35,,,,36,,,,36,,,,36,,,,37,,,,36,,,,37,,,,36,,,,36,,,,35,,,,37,,,,37,,,,36,,,